id,city_name,latitude,longitude,day,temp,wind_speed,humidity,weather
29890d50-a6f7-41ad-bd8f-015ec8ecca5c,Mont Saint Michel,48.6359541,-1.51146,2025-09-10,16.353333333333335,6.923333333333333,86.33333333333333,light rain
29890d50-a6f7-41ad-bd8f-015ec8ecca5c,Mont Saint Michel,48.6359541,-1.51146,2025-09-11,14.84375,6.54125,81.0,light rain
29890d50-a6f7-41ad-bd8f-015ec8ecca5c,Mont Saint Michel,48.6359541,-1.51146,2025-09-12,15.06875,5.43875,71.875,few clouds
29890d50-a6f7-41ad-bd8f-015ec8ecca5c,Mont Saint Michel,48.6359541,-1.51146,2025-09-13,15.3925,5.72625,75.875,light rain
29890d50-a6f7-41ad-bd8f-015ec8ecca5c,Mont Saint Michel,48.6359541,-1.51146,2025-09-14,16.43,8.45375,82.875,light rain
29890d50-a6f7-41ad-bd8f-015ec8ecca5c,Mont Saint Michel,48.6359541,-1.51146,2025-09-15,14.872,8.1,77.0,light rain
dc15a9d5-d9e5-45cc-97a3-2485a4b5188c,Saint Malo,48.649518,-2.0260409,2025-09-10,16.726666666666667,9.683333333333332,85.0,light rain
dc15a9d5-d9e5-45cc-97a3-2485a4b5188c,Saint Malo,48.649518,-2.0260409,2025-09-11,15.72625,8.1925,74.375,light rain
dc15a9d5-d9e5-45cc-97a3-2485a4b5188c,Saint Malo,48.649518,-2.0260409,2025-09-12,15.75875,7.07625,69.5,clear sky
dc15a9d5-d9e5-45cc-97a3-2485a4b5188c,Saint Malo,48.649518,-2.0260409,2025-09-13,15.89625,7.05,71.25,light rain
dc15a9d5-d9e5-45cc-97a3-2485a4b5188c,Saint Malo,48.649518,-2.0260409,2025-09-14,17.3775,10.116249999999999,78.375,overcast clouds
dc15a9d5-d9e5-45cc-97a3-2485a4b5188c,Saint Malo,48.649518,-2.0260409,2025-09-15,15.424000000000001,9.501999999999999,73.0,light rain
88b85473-e091-486b-b6a3-02bc3286f9e6,Bayeux,49.2764624,-0.7024738,2025-09-10,16.12333333333333,7.236666666666667,88.0,light rain
88b85473-e091-486b-b6a3-02bc3286f9e6,Bayeux,49.2764624,-0.7024738,2025-09-11,14.686250000000001,7.09375,78.625,light rain
88b85473-e091-486b-b6a3-02bc3286f9e6,Bayeux,49.2764624,-0.7024738,2025-09-12,14.1875,6.1575,75.375,light rain
88b85473-e091-486b-b6a3-02bc3286f9e6,Bayeux,49.2764624,-0.7024738,2025-09-13,14.70375,6.5649999999999995,74.875,light rain
88b85473-e091-486b-b6a3-02bc3286f9e6,Bayeux,49.2764624,-0.7024738,2025-09-14,16.0275,8.85875,79.625,light rain
88b85473-e091-486b-b6a3-02bc3286f9e6,Bayeux,49.2764624,-0.7024738,2025-09-15,14.463999999999999,8.912,76.6,light rain
426d92ba-39e1-4221-9ccc-b780a8d4045a,Le Havre,49.4938975,0.1079732,2025-09-10,16.98,9.226666666666667,83.33333333333333,light rain
426d92ba-39e1-4221-9ccc-b780a8d4045a,Le Havre,49.4938975,0.1079732,2025-09-11,16.42875,9.96125,72.625,light rain
426d92ba-39e1-4221-9ccc-b780a8d4045a,Le Havre,49.4938975,0.1079732,2025-09-12,15.9625,8.16125,72.5,light rain
426d92ba-39e1-4221-9ccc-b780a8d4045a,Le Havre,49.4938975,0.1079732,2025-09-13,16.2575,8.5625,72.625,light rain
426d92ba-39e1-4221-9ccc-b780a8d4045a,Le Havre,49.4938975,0.1079732,2025-09-14,17.03375,10.84,78.0,light rain
426d92ba-39e1-4221-9ccc-b780a8d4045a,Le Havre,49.4938975,0.1079732,2025-09-15,15.680000000000001,12.53,77.0,light rain
0d09e03f-c058-49e2-be43-86ab6fb1af50,Rouen,49.4404591,1.0939658,2025-09-10,16.763333333333332,5.046666666666667,82.33333333333333,light rain
0d09e03f-c058-49e2-be43-86ab6fb1af50,Rouen,49.4404591,1.0939658,2025-09-11,15.411249999999999,6.28125,72.0,broken clouds
0d09e03f-c058-49e2-be43-86ab6fb1af50,Rouen,49.4404591,1.0939658,2025-09-12,15.16,5.055,65.75,overcast clouds
0d09e03f-c058-49e2-be43-86ab6fb1af50,Rouen,49.4404591,1.0939658,2025-09-13,15.1725,5.45875,72.625,light rain
0d09e03f-c058-49e2-be43-86ab6fb1af50,Rouen,49.4404591,1.0939658,2025-09-14,15.52375,6.4399999999999995,80.25,overcast clouds
0d09e03f-c058-49e2-be43-86ab6fb1af50,Rouen,49.4404591,1.0939658,2025-09-15,14.443999999999999,7.925999999999999,76.2,scattered clouds
7cef1672-a34e-41c0-a6d7-1260253307ee,Paris,48.8588897,2.320041,2025-09-10,17.136666666666667,4.716666666666667,70.66666666666667,light rain
7cef1672-a34e-41c0-a6d7-1260253307ee,Paris,48.8588897,2.320041,2025-09-11,16.155,4.40125,62.5,light rain
7cef1672-a34e-41c0-a6d7-1260253307ee,Paris,48.8588897,2.320041,2025-09-12,17.54,4.33,53.0,clear sky
7cef1672-a34e-41c0-a6d7-1260253307ee,Paris,48.8588897,2.320041,2025-09-13,17.48,3.61375,59.25,light rain
7cef1672-a34e-41c0-a6d7-1260253307ee,Paris,48.8588897,2.320041,2025-09-14,17.48125,4.4675,63.375,overcast clouds
7cef1672-a34e-41c0-a6d7-1260253307ee,Paris,48.8588897,2.320041,2025-09-15,17.046,5.786,64.6,scattered clouds
b5006a04-d755-4cd5-bcee-57249e306037,Amiens,49.8941708,2.2956951,2025-09-10,17.19,6.3,73.0,light rain
b5006a04-d755-4cd5-bcee-57249e306037,Amiens,49.8941708,2.2956951,2025-09-11,14.81,6.452500000000001,72.0,few clouds
b5006a04-d755-4cd5-bcee-57249e306037,Amiens,49.8941708,2.2956951,2025-09-12,15.01125,4.9675,64.25,overcast clouds
b5006a04-d755-4cd5-bcee-57249e306037,Amiens,49.8941708,2.2956951,2025-09-13,15.6325,5.87,65.625,light rain
b5006a04-d755-4cd5-bcee-57249e306037,Amiens,49.8941708,2.2956951,2025-09-14,15.3575,6.97625,75.75,overcast clouds
b5006a04-d755-4cd5-bcee-57249e306037,Amiens,49.8941708,2.2956951,2025-09-15,14.87,8.638,72.6,light rain
db3f7e4d-1513-4473-b545-6662ea43c187,Lille,50.6365654,3.0635282,2025-09-10,18.313333333333333,5.510000000000001,68.0,light rain
db3f7e4d-1513-4473-b545-6662ea43c187,Lille,50.6365654,3.0635282,2025-09-11,15.75125,6.18,69.875,light rain
db3f7e4d-1513-4473-b545-6662ea43c187,Lille,50.6365654,3.0635282,2025-09-12,14.695,5.1,71.0,light rain
db3f7e4d-1513-4473-b545-6662ea43c187,Lille,50.6365654,3.0635282,2025-09-13,15.469999999999999,5.66625,67.625,light rain
db3f7e4d-1513-4473-b545-6662ea43c187,Lille,50.6365654,3.0635282,2025-09-14,15.525,6.91875,73.75,light rain
db3f7e4d-1513-4473-b545-6662ea43c187,Lille,50.6365654,3.0635282,2025-09-15,14.98,8.208,72.0,light rain
3e5a4baf-004d-4634-8445-b8bd565980ed,Strasbourg,48.584614,7.7507127,2025-09-10,17.930000000000003,1.71,77.66666666666667,light rain
3e5a4baf-004d-4634-8445-b8bd565980ed,Strasbourg,48.584614,7.7507127,2025-09-11,16.63125,4.1899999999999995,72.125,broken clouds
3e5a4baf-004d-4634-8445-b8bd565980ed,Strasbourg,48.584614,7.7507127,2025-09-12,15.8375,3.28875,67.125,broken clouds
3e5a4baf-004d-4634-8445-b8bd565980ed,Strasbourg,48.584614,7.7507127,2025-09-13,14.62375,3.37,77.125,light rain
3e5a4baf-004d-4634-8445-b8bd565980ed,Strasbourg,48.584614,7.7507127,2025-09-14,15.35375,3.3075,76.75,broken clouds
3e5a4baf-004d-4634-8445-b8bd565980ed,Strasbourg,48.584614,7.7507127,2025-09-15,16.056,4.9719999999999995,69.4,broken clouds
00e2db70-35f8-4080-a141-f88055759ae5,Chateau du Haut Koenigsbourg,48.2494107,7.3443202,2025-09-10,16.07,1.4100000000000001,77.33333333333333,light rain
00e2db70-35f8-4080-a141-f88055759ae5,Chateau du Haut Koenigsbourg,48.2494107,7.3443202,2025-09-11,13.5475,3.03625,76.625,light rain
00e2db70-35f8-4080-a141-f88055759ae5,Chateau du Haut Koenigsbourg,48.2494107,7.3443202,2025-09-12,12.87,2.41375,69.625,scattered clouds
00e2db70-35f8-4080-a141-f88055759ae5,Chateau du Haut Koenigsbourg,48.2494107,7.3443202,2025-09-13,12.1875,1.99125,79.375,light rain
00e2db70-35f8-4080-a141-f88055759ae5,Chateau du Haut Koenigsbourg,48.2494107,7.3443202,2025-09-14,13.24625,1.8399999999999999,72.375,broken clouds
00e2db70-35f8-4080-a141-f88055759ae5,Chateau du Haut Koenigsbourg,48.2494107,7.3443202,2025-09-15,13.462,2.846,73.4,broken clouds
91b25cc0-ba57-4367-85c3-7e507ec535cb,Colmar,48.0777517,7.3579641,2025-09-10,18.986666666666668,1.3966666666666665,76.33333333333333,light rain
91b25cc0-ba57-4367-85c3-7e507ec535cb,Colmar,48.0777517,7.3579641,2025-09-11,16.471249999999998,3.075,74.625,broken clouds
91b25cc0-ba57-4367-85c3-7e507ec535cb,Colmar,48.0777517,7.3579641,2025-09-12,15.435,2.41125,69.875,broken clouds
91b25cc0-ba57-4367-85c3-7e507ec535cb,Colmar,48.0777517,7.3579641,2025-09-13,14.7475,2.44375,78.75,light rain
91b25cc0-ba57-4367-85c3-7e507ec535cb,Colmar,48.0777517,7.3579641,2025-09-14,15.53875,2.04375,72.875,broken clouds
91b25cc0-ba57-4367-85c3-7e507ec535cb,Colmar,48.0777517,7.3579641,2025-09-15,16.302,3.2039999999999997,70.6,overcast clouds
fbe64b26-b028-4bdc-869b-909973f5e9d2,Eguisheim,48.0447968,7.3079618,2025-09-10,18.849999999999998,1.36,76.33333333333333,light rain
fbe64b26-b028-4bdc-869b-909973f5e9d2,Eguisheim,48.0447968,7.3079618,2025-09-11,16.18,3.075,75.0,scattered clouds
fbe64b26-b028-4bdc-869b-909973f5e9d2,Eguisheim,48.0447968,7.3079618,2025-09-12,15.1225,2.375,69.75,broken clouds
fbe64b26-b028-4bdc-869b-909973f5e9d2,Eguisheim,48.0447968,7.3079618,2025-09-13,14.44875,2.3425,78.625,light rain
fbe64b26-b028-4bdc-869b-909973f5e9d2,Eguisheim,48.0447968,7.3079618,2025-09-14,15.23125,2.02875,72.25,broken clouds
fbe64b26-b028-4bdc-869b-909973f5e9d2,Eguisheim,48.0447968,7.3079618,2025-09-15,16.032,3.218,70.2,overcast clouds
9c0e6ec4-5030-4ef5-bbdc-882d8aae2d0a,Besancon,47.2380222,6.0243622,2025-09-10,19.743333333333336,2.256666666666667,71.0,broken clouds
9c0e6ec4-5030-4ef5-bbdc-882d8aae2d0a,Besancon,47.2380222,6.0243622,2025-09-11,16.215,4.24,77.375,light rain
9c0e6ec4-5030-4ef5-bbdc-882d8aae2d0a,Besancon,47.2380222,6.0243622,2025-09-12,14.41875,2.6725,82.0,light rain
9c0e6ec4-5030-4ef5-bbdc-882d8aae2d0a,Besancon,47.2380222,6.0243622,2025-09-13,13.73625,2.355,80.625,overcast clouds
9c0e6ec4-5030-4ef5-bbdc-882d8aae2d0a,Besancon,47.2380222,6.0243622,2025-09-14,14.4625,2.0437499999999997,80.125,broken clouds
9c0e6ec4-5030-4ef5-bbdc-882d8aae2d0a,Besancon,47.2380222,6.0243622,2025-09-15,14.565999999999999,3.166,70.4,broken clouds
1e1aed4d-70e1-48bc-a1a1-d7c698a6c0e5,Dijon,47.3215806,5.0414701,2025-09-10,19.466666666666665,3.3466666666666662,62.666666666666664,broken clouds
1e1aed4d-70e1-48bc-a1a1-d7c698a6c0e5,Dijon,47.3215806,5.0414701,2025-09-11,16.27375,4.60375,72.5,light rain
1e1aed4d-70e1-48bc-a1a1-d7c698a6c0e5,Dijon,47.3215806,5.0414701,2025-09-12,15.25875,3.07625,70.75,few clouds
1e1aed4d-70e1-48bc-a1a1-d7c698a6c0e5,Dijon,47.3215806,5.0414701,2025-09-13,14.66125,3.34125,77.875,light rain
1e1aed4d-70e1-48bc-a1a1-d7c698a6c0e5,Dijon,47.3215806,5.0414701,2025-09-14,15.23875,2.65,72.625,broken clouds
1e1aed4d-70e1-48bc-a1a1-d7c698a6c0e5,Dijon,47.3215806,5.0414701,2025-09-15,16.348,4.878,73.0,overcast clouds
d5991fe9-e421-44fc-9d46-95043bc4dc7c,Annecy,45.8992348,6.1288847,2025-09-10,20.456666666666667,1.4233333333333331,70.66666666666667,light rain
d5991fe9-e421-44fc-9d46-95043bc4dc7c,Annecy,45.8992348,6.1288847,2025-09-11,15.9175,1.5925,79.5,overcast clouds
d5991fe9-e421-44fc-9d46-95043bc4dc7c,Annecy,45.8992348,6.1288847,2025-09-12,14.23375,1.52375,77.375,overcast clouds
d5991fe9-e421-44fc-9d46-95043bc4dc7c,Annecy,45.8992348,6.1288847,2025-09-13,14.004999999999999,1.1625,84.0,overcast clouds
d5991fe9-e421-44fc-9d46-95043bc4dc7c,Annecy,45.8992348,6.1288847,2025-09-14,14.78375,1.29375,79.25,broken clouds
d5991fe9-e421-44fc-9d46-95043bc4dc7c,Annecy,45.8992348,6.1288847,2025-09-15,16.160000000000004,1.9420000000000002,66.0,broken clouds
794e07dd-e1ef-44e0-aaa6-93b3dadaea60,Grenoble,45.1875602,5.7357819,2025-09-10,21.766666666666666,1.1933333333333334,83.0,light rain
794e07dd-e1ef-44e0-aaa6-93b3dadaea60,Grenoble,45.1875602,5.7357819,2025-09-11,17.94125,0.915,83.375,broken clouds
794e07dd-e1ef-44e0-aaa6-93b3dadaea60,Grenoble,45.1875602,5.7357819,2025-09-12,16.55875,1.5425,74.125,broken clouds
794e07dd-e1ef-44e0-aaa6-93b3dadaea60,Grenoble,45.1875602,5.7357819,2025-09-13,16.3825,1.31875,73.75,overcast clouds
794e07dd-e1ef-44e0-aaa6-93b3dadaea60,Grenoble,45.1875602,5.7357819,2025-09-14,16.585,1.34875,79.5,overcast clouds
794e07dd-e1ef-44e0-aaa6-93b3dadaea60,Grenoble,45.1875602,5.7357819,2025-09-15,18.395999999999997,1.328,54.8,scattered clouds
9e02ebc6-5319-4653-96db-bbe63ee3e5a5,Lyon,45.7578137,4.8320114,2025-09-10,21.536666666666665,1.36,56.0,broken clouds
9e02ebc6-5319-4653-96db-bbe63ee3e5a5,Lyon,45.7578137,4.8320114,2025-09-11,18.68875,1.50375,58.0,broken clouds
9e02ebc6-5319-4653-96db-bbe63ee3e5a5,Lyon,45.7578137,4.8320114,2025-09-12,18.34,1.46625,62.25,overcast clouds
9e02ebc6-5319-4653-96db-bbe63ee3e5a5,Lyon,45.7578137,4.8320114,2025-09-13,15.3225,1.13,80.125,broken clouds
9e02ebc6-5319-4653-96db-bbe63ee3e5a5,Lyon,45.7578137,4.8320114,2025-09-14,17.59,1.04875,66.5,scattered clouds
9e02ebc6-5319-4653-96db-bbe63ee3e5a5,Lyon,45.7578137,4.8320114,2025-09-15,18.646,1.388,56.8,overcast clouds
2f7c77ce-7156-450c-bffc-ed4ad731edcb,Gorges du Verdon,43.7496562,6.3285616,2025-09-10,19.69333333333333,4.680000000000001,63.666666666666664,scattered clouds
2f7c77ce-7156-450c-bffc-ed4ad731edcb,Gorges du Verdon,43.7496562,6.3285616,2025-09-11,15.791250000000002,3.9162500000000002,60.0,clear sky
2f7c77ce-7156-450c-bffc-ed4ad731edcb,Gorges du Verdon,43.7496562,6.3285616,2025-09-12,15.07625,3.70625,51.375,few clouds
2f7c77ce-7156-450c-bffc-ed4ad731edcb,Gorges du Verdon,43.7496562,6.3285616,2025-09-13,13.675,2.19875,67.0,clear sky
2f7c77ce-7156-450c-bffc-ed4ad731edcb,Gorges du Verdon,43.7496562,6.3285616,2025-09-14,14.97125,2.12125,61.25,overcast clouds
2f7c77ce-7156-450c-bffc-ed4ad731edcb,Gorges du Verdon,43.7496562,6.3285616,2025-09-15,15.738,1.9880000000000002,50.6,broken clouds
87a31398-1e5b-47b8-a529-b79013bd384a,Bormes les Mimosas,43.1506968,6.3419285,2025-09-10,23.073333333333334,8.483333333333333,56.333333333333336,few clouds
87a31398-1e5b-47b8-a529-b79013bd384a,Bormes les Mimosas,43.1506968,6.3419285,2025-09-11,21.27375,7.55,47.875,clear sky
87a31398-1e5b-47b8-a529-b79013bd384a,Bormes les Mimosas,43.1506968,6.3419285,2025-09-12,22.07125,6.5675,49.625,clear sky
87a31398-1e5b-47b8-a529-b79013bd384a,Bormes les Mimosas,43.1506968,6.3419285,2025-09-13,18.02125,2.1262499999999998,80.25,heavy intensity rain
87a31398-1e5b-47b8-a529-b79013bd384a,Bormes les Mimosas,43.1506968,6.3419285,2025-09-14,19.57125,2.55875,64.5,overcast clouds
87a31398-1e5b-47b8-a529-b79013bd384a,Bormes les Mimosas,43.1506968,6.3419285,2025-09-15,19.631999999999998,2.0140000000000002,74.0,clear sky
df334f74-b750-4c4a-90ff-b550bdf7915e,Cassis,43.2140359,5.5396318,2025-09-10,22.376666666666665,7.853333333333333,58.666666666666664,broken clouds
df334f74-b750-4c4a-90ff-b550bdf7915e,Cassis,43.2140359,5.5396318,2025-09-11,20.41125,9.91,55.75,clear sky
df334f74-b750-4c4a-90ff-b550bdf7915e,Cassis,43.2140359,5.5396318,2025-09-12,21.52125,6.685,57.375,clear sky
df334f74-b750-4c4a-90ff-b550bdf7915e,Cassis,43.2140359,5.5396318,2025-09-13,19.38875,2.1425,81.125,broken clouds
df334f74-b750-4c4a-90ff-b550bdf7915e,Cassis,43.2140359,5.5396318,2025-09-14,20.51625,6.025,61.5,clear sky
df334f74-b750-4c4a-90ff-b550bdf7915e,Cassis,43.2140359,5.5396318,2025-09-15,21.1,1.818,55.0,few clouds
e38e17cf-5351-4dc6-9ec3-f6d43c063ae9,Marseille,43.2961743,5.3699525,2025-09-10,23.03333333333333,7.866666666666667,57.0,few clouds
e38e17cf-5351-4dc6-9ec3-f6d43c063ae9,Marseille,43.2961743,5.3699525,2025-09-11,21.337500000000002,9.4925,53.625,clear sky
e38e17cf-5351-4dc6-9ec3-f6d43c063ae9,Marseille,43.2961743,5.3699525,2025-09-12,22.495,6.4625,57.0,clear sky
e38e17cf-5351-4dc6-9ec3-f6d43c063ae9,Marseille,43.2961743,5.3699525,2025-09-13,20.575,2.44125,79.0,light rain
e38e17cf-5351-4dc6-9ec3-f6d43c063ae9,Marseille,43.2961743,5.3699525,2025-09-14,21.5275,6.50875,59.375,clear sky
e38e17cf-5351-4dc6-9ec3-f6d43c063ae9,Marseille,43.2961743,5.3699525,2025-09-15,22.380000000000003,1.416,53.0,scattered clouds
25256697-856b-4178-bd3a-cd37a089139a,Aix en Provence,43.5298424,5.4474738,2025-09-10,22.63,5.493333333333333,48.0,scattered clouds
25256697-856b-4178-bd3a-cd37a089139a,Aix en Provence,43.5298424,5.4474738,2025-09-11,20.2925,6.33,47.125,clear sky
25256697-856b-4178-bd3a-cd37a089139a,Aix en Provence,43.5298424,5.4474738,2025-09-12,21.71625,4.10375,47.375,clear sky
25256697-856b-4178-bd3a-cd37a089139a,Aix en Provence,43.5298424,5.4474738,2025-09-13,18.705,1.68125,76.75,overcast clouds
25256697-856b-4178-bd3a-cd37a089139a,Aix en Provence,43.5298424,5.4474738,2025-09-14,20.14125,3.025,55.125,overcast clouds
25256697-856b-4178-bd3a-cd37a089139a,Aix en Provence,43.5298424,5.4474738,2025-09-15,20.896,1.86,44.0,broken clouds
c0ea9024-87a5-43ad-b895-2b6444607794,Avignon,43.9492493,4.8059012,2025-09-10,23.96666666666667,4.546666666666667,46.333333333333336,scattered clouds
c0ea9024-87a5-43ad-b895-2b6444607794,Avignon,43.9492493,4.8059012,2025-09-11,20.99375,4.48125,51.25,clear sky
c0ea9024-87a5-43ad-b895-2b6444607794,Avignon,43.9492493,4.8059012,2025-09-12,20.405,2.52625,54.375,clear sky
c0ea9024-87a5-43ad-b895-2b6444607794,Avignon,43.9492493,4.8059012,2025-09-13,18.215,2.01875,71.375,broken clouds
c0ea9024-87a5-43ad-b895-2b6444607794,Avignon,43.9492493,4.8059012,2025-09-14,19.83,5.13625,55.5,clear sky
c0ea9024-87a5-43ad-b895-2b6444607794,Avignon,43.9492493,4.8059012,2025-09-15,19.576,1.6320000000000001,50.6,scattered clouds
f7e01925-5dde-45ac-a11e-3fbb4ca6bcd7,Uzes,44.0121279,4.4196718,2025-09-10,23.24,4.47,47.0,scattered clouds
f7e01925-5dde-45ac-a11e-3fbb4ca6bcd7,Uzes,44.0121279,4.4196718,2025-09-11,20.1625,4.78125,54.625,clear sky
f7e01925-5dde-45ac-a11e-3fbb4ca6bcd7,Uzes,44.0121279,4.4196718,2025-09-12,19.99625,2.66,54.125,clear sky
f7e01925-5dde-45ac-a11e-3fbb4ca6bcd7,Uzes,44.0121279,4.4196718,2025-09-13,17.84625,1.6925,71.125,light rain
f7e01925-5dde-45ac-a11e-3fbb4ca6bcd7,Uzes,44.0121279,4.4196718,2025-09-14,19.27875,2.80125,56.125,broken clouds
f7e01925-5dde-45ac-a11e-3fbb4ca6bcd7,Uzes,44.0121279,4.4196718,2025-09-15,19.81,1.3219999999999998,53.2,scattered clouds
7e21bb9e-4fba-4a17-a50f-c05839b358be,Nimes,43.8374249,4.3600687,2025-09-10,24.05666666666667,5.753333333333333,44.0,broken clouds
7e21bb9e-4fba-4a17-a50f-c05839b358be,Nimes,43.8374249,4.3600687,2025-09-11,21.335,4.9925,47.5,clear sky
7e21bb9e-4fba-4a17-a50f-c05839b358be,Nimes,43.8374249,4.3600687,2025-09-12,21.47375,2.625,49.375,clear sky
7e21bb9e-4fba-4a17-a50f-c05839b358be,Nimes,43.8374249,4.3600687,2025-09-13,18.65875,2.26875,69.125,light rain
7e21bb9e-4fba-4a17-a50f-c05839b358be,Nimes,43.8374249,4.3600687,2025-09-14,20.247500000000002,2.54125,53.0,clear sky
7e21bb9e-4fba-4a17-a50f-c05839b358be,Nimes,43.8374249,4.3600687,2025-09-15,20.768,1.6960000000000002,49.4,broken clouds
e8bc4149-2b80-42ca-a23e-0bee491b74b0,Aigues Mortes,43.5661521,4.19154,2025-09-10,24.599999999999998,8.613333333333333,47.333333333333336,broken clouds
e8bc4149-2b80-42ca-a23e-0bee491b74b0,Aigues Mortes,43.5661521,4.19154,2025-09-11,21.31875,8.35875,54.375,clear sky
e8bc4149-2b80-42ca-a23e-0bee491b74b0,Aigues Mortes,43.5661521,4.19154,2025-09-12,21.5675,4.83125,62.125,clear sky
e8bc4149-2b80-42ca-a23e-0bee491b74b0,Aigues Mortes,43.5661521,4.19154,2025-09-13,19.485,3.79,73.5,light rain
e8bc4149-2b80-42ca-a23e-0bee491b74b0,Aigues Mortes,43.5661521,4.19154,2025-09-14,19.9575,3.71625,63.0,broken clouds
e8bc4149-2b80-42ca-a23e-0bee491b74b0,Aigues Mortes,43.5661521,4.19154,2025-09-15,20.606,1.5459999999999998,53.2,clear sky
2b05944e-c860-40de-b4a8-13639b53d2d2,Saintes Maries de la mer,43.4515922,4.4277202,2025-09-10,21.896666666666665,9.25,64.66666666666667,broken clouds
2b05944e-c860-40de-b4a8-13639b53d2d2,Saintes Maries de la mer,43.4515922,4.4277202,2025-09-11,21.225,9.09625,59.625,clear sky
2b05944e-c860-40de-b4a8-13639b53d2d2,Saintes Maries de la mer,43.4515922,4.4277202,2025-09-12,20.93625,5.89375,67.875,clear sky
2b05944e-c860-40de-b4a8-13639b53d2d2,Saintes Maries de la mer,43.4515922,4.4277202,2025-09-13,19.50125,3.8287500000000003,78.5,light rain
2b05944e-c860-40de-b4a8-13639b53d2d2,Saintes Maries de la mer,43.4515922,4.4277202,2025-09-14,20.23625,4.8125,67.0,broken clouds
2b05944e-c860-40de-b4a8-13639b53d2d2,Saintes Maries de la mer,43.4515922,4.4277202,2025-09-15,20.497999999999998,2.628,56.6,clear sky
6e56da4c-35af-402f-be11-389125c590d4,Collioure,42.52505,3.0831554,2025-09-10,23.820000000000004,4.1000000000000005,63.0,light rain
6e56da4c-35af-402f-be11-389125c590d4,Collioure,42.52505,3.0831554,2025-09-11,21.1675,3.475,64.25,broken clouds
6e56da4c-35af-402f-be11-389125c590d4,Collioure,42.52505,3.0831554,2025-09-12,20.37625,1.905,73.25,overcast clouds
6e56da4c-35af-402f-be11-389125c590d4,Collioure,42.52505,3.0831554,2025-09-13,18.82125,3.4625,83.625,light rain
6e56da4c-35af-402f-be11-389125c590d4,Collioure,42.52505,3.0831554,2025-09-14,21.34125,2.7925,63.125,overcast clouds
6e56da4c-35af-402f-be11-389125c590d4,Collioure,42.52505,3.0831554,2025-09-15,22.674,1.9299999999999997,54.8,broken clouds
033e8575-f70f-4ca0-b827-153851002f8d,Carcassonne,43.2130358,2.3491069,2025-09-10,22.51,5.753333333333333,60.0,few clouds
033e8575-f70f-4ca0-b827-153851002f8d,Carcassonne,43.2130358,2.3491069,2025-09-11,19.166249999999998,6.1425,71.25,scattered clouds
033e8575-f70f-4ca0-b827-153851002f8d,Carcassonne,43.2130358,2.3491069,2025-09-12,19.447499999999998,2.78875,63.375,overcast clouds
033e8575-f70f-4ca0-b827-153851002f8d,Carcassonne,43.2130358,2.3491069,2025-09-13,16.965,3.0125,80.75,light rain
033e8575-f70f-4ca0-b827-153851002f8d,Carcassonne,43.2130358,2.3491069,2025-09-14,19.0775,2.9675,63.5,clear sky
033e8575-f70f-4ca0-b827-153851002f8d,Carcassonne,43.2130358,2.3491069,2025-09-15,19.32,3.268,60.0,scattered clouds
ce62a3a3-c13f-4bb7-9c0c-a2553b81cd84,Ariege,42.9455368,1.4065544,2025-09-10,15.986666666666666,1.6033333333333335,72.0,light rain
ce62a3a3-c13f-4bb7-9c0c-a2553b81cd84,Ariege,42.9455368,1.4065544,2025-09-11,13.34375,1.93875,75.75,light rain
ce62a3a3-c13f-4bb7-9c0c-a2553b81cd84,Ariege,42.9455368,1.4065544,2025-09-12,13.54625,1.60375,74.375,overcast clouds
ce62a3a3-c13f-4bb7-9c0c-a2553b81cd84,Ariege,42.9455368,1.4065544,2025-09-13,11.48875,1.48625,95.25,light rain
ce62a3a3-c13f-4bb7-9c0c-a2553b81cd84,Ariege,42.9455368,1.4065544,2025-09-14,14.28625,1.805,73.875,clear sky
ce62a3a3-c13f-4bb7-9c0c-a2553b81cd84,Ariege,42.9455368,1.4065544,2025-09-15,14.824000000000002,2.232,66.6,scattered clouds
6554061f-306a-4b83-a1d4-3c802668b174,Toulouse,43.6044622,1.4442469,2025-09-10,20.81,6.336666666666666,64.0,broken clouds
6554061f-306a-4b83-a1d4-3c802668b174,Toulouse,43.6044622,1.4442469,2025-09-11,18.291249999999998,4.7,70.0,light rain
6554061f-306a-4b83-a1d4-3c802668b174,Toulouse,43.6044622,1.4442469,2025-09-12,18.9575,2.05625,64.375,overcast clouds
6554061f-306a-4b83-a1d4-3c802668b174,Toulouse,43.6044622,1.4442469,2025-09-13,17.705,2.42375,71.625,overcast clouds
6554061f-306a-4b83-a1d4-3c802668b174,Toulouse,43.6044622,1.4442469,2025-09-14,19.0325,1.49125,63.5,clear sky
6554061f-306a-4b83-a1d4-3c802668b174,Toulouse,43.6044622,1.4442469,2025-09-15,19.006,2.1879999999999997,59.8,broken clouds
53ef551e-22e8-4f64-9c5e-082e8766ed25,Montauban,44.0175835,1.3549991,2025-09-10,20.75,6.476666666666667,70.33333333333333,light rain
53ef551e-22e8-4f64-9c5e-082e8766ed25,Montauban,44.0175835,1.3549991,2025-09-11,17.62125,4.435,75.75,light rain
53ef551e-22e8-4f64-9c5e-082e8766ed25,Montauban,44.0175835,1.3549991,2025-09-12,18.5925,1.67625,70.875,light rain
53ef551e-22e8-4f64-9c5e-082e8766ed25,Montauban,44.0175835,1.3549991,2025-09-13,16.84125,2.09625,77.375,overcast clouds
53ef551e-22e8-4f64-9c5e-082e8766ed25,Montauban,44.0175835,1.3549991,2025-09-14,18.045,1.45375,67.375,clear sky
53ef551e-22e8-4f64-9c5e-082e8766ed25,Montauban,44.0175835,1.3549991,2025-09-15,18.096,1.938,67.2,overcast clouds
00321161-2ede-43bc-bdef-1346ba049a39,Biarritz,43.4711437,-1.5527266,2025-09-10,18.46,6.013333333333333,82.66666666666667,light rain
00321161-2ede-43bc-bdef-1346ba049a39,Biarritz,43.4711437,-1.5527266,2025-09-11,18.50875,4.2,72.5,light rain
00321161-2ede-43bc-bdef-1346ba049a39,Biarritz,43.4711437,-1.5527266,2025-09-12,18.51875,2.7125,79.75,light rain
00321161-2ede-43bc-bdef-1346ba049a39,Biarritz,43.4711437,-1.5527266,2025-09-13,17.88625,1.995,77.125,overcast clouds
00321161-2ede-43bc-bdef-1346ba049a39,Biarritz,43.4711437,-1.5527266,2025-09-14,18.53,2.12125,69.625,clear sky
00321161-2ede-43bc-bdef-1346ba049a39,Biarritz,43.4711437,-1.5527266,2025-09-15,18.312,3.022,73.0,scattered clouds
a1066aad-8212-4a2e-b680-ca607724187b,Bayonne,43.4945144,-1.4736657,2025-09-10,19.656666666666666,5.3933333333333335,82.66666666666667,light rain
a1066aad-8212-4a2e-b680-ca607724187b,Bayonne,43.4945144,-1.4736657,2025-09-11,19.28875,3.89375,72.75,light rain
a1066aad-8212-4a2e-b680-ca607724187b,Bayonne,43.4945144,-1.4736657,2025-09-12,18.36375,2.52875,80.5,light rain
a1066aad-8212-4a2e-b680-ca607724187b,Bayonne,43.4945144,-1.4736657,2025-09-13,17.48,1.9275,79.0,overcast clouds
a1066aad-8212-4a2e-b680-ca607724187b,Bayonne,43.4945144,-1.4736657,2025-09-14,18.24625,1.99375,70.125,clear sky
a1066aad-8212-4a2e-b680-ca607724187b,Bayonne,43.4945144,-1.4736657,2025-09-15,17.762,2.7,74.0,scattered clouds
79252ffd-b996-451d-9794-fe7ca05c1f90,La Rochelle,46.159732,-1.1515951,2025-09-10,17.11,10.733333333333334,85.33333333333333,light rain
79252ffd-b996-451d-9794-fe7ca05c1f90,La Rochelle,46.159732,-1.1515951,2025-09-11,17.2275,8.88125,69.5,light rain
79252ffd-b996-451d-9794-fe7ca05c1f90,La Rochelle,46.159732,-1.1515951,2025-09-12,17.85625,5.55,69.375,light rain
79252ffd-b996-451d-9794-fe7ca05c1f90,La Rochelle,46.159732,-1.1515951,2025-09-13,18.69375,6.97625,70.375,light rain
79252ffd-b996-451d-9794-fe7ca05c1f90,La Rochelle,46.159732,-1.1515951,2025-09-14,19.134999999999998,7.63875,78.875,broken clouds
79252ffd-b996-451d-9794-fe7ca05c1f90,La Rochelle,46.159732,-1.1515951,2025-09-15,18.31,8.368,71.2,light rain
